Voucher Type,ID,state_name,Zone,Branch_name,Route,PartyName,CategoryName,PaymentType,CreatedDate,VoucherDate,VoucherNo,Bill Type,Salesman,Taxable,CGST,SGST,IGST,VoucherAMT,Discount,Realisable amount,RecieveAMT,Differance,RMODE,GroupName,ItemCOde,TaxPerc,qty,Freeqty ,TotalAmt,FreeAmount,Rate,DiscAmount,Helper 1,KL MT OUTLETS,TN MT OUTLETS,Category,NEW SKU,Division,Customer name,District for milk,District for Dashboard,ZONE FOR MT ,GROUPING FOR ITEM,Column1
Sales,7463212,Kerala,ERNAKULAM ZONE,ELANADU MILK KOTTAYAM,KUMARAKAM,#FRUIT BAE,MILK KL,CASH PAYMENT,24-02-2023,01-08-2025,KSKM7548/25,B2C,ALBINANIL,834,0,0,0,834,0,834,0,834,,000FG MILK,SM 450,0,30,0,834,0,27.8,0,#FRUIT BAE000FG MILK,,,,YES,Not in Master,,,,,,
Sales,7422990,Kerala,MALAPPURAM ZONE,GOKULAM DISTRIBUTION (ELANADU MILK OLLUR),KDGLR,(mvk) abbas,MILK KL,CASH PAYMENT,07-10-2021,01-08-2025,OSKD28275/25,B2C,ANISHK,417,0,0,0,417,0,417,417,0,,000FG MILK,SM 450,0,15,0,417,0,27.8,0,(mvk) abbas000FG MILK,,,,YES,Not in Master,,,,,,
Sales,7430931,Kerala,CALICUT ZONE,ELANADU MILK CALICUT,KODUVALLY,(zINE) BADR BACKERS_&_CAFE,NORMAL,CASH PAYMENT,25-01-2024,01-08-2025,CASK25556/25,B2C,HARSHAD T,556,0,0,0,556,0,556,556,0,Cash,000FG MILK,SM 450,0,20,0,556,0,27.8,0,(zINE) BADR BACKERS_&_CAFE000FG MILK,,,,YES,Not in Master,,,,,,
Sales,7422176,Kerala,ERNAKULAM ZONE,ELANADU MILK ERNAKULAM,FORTKOCHI,",JMJ STORE",MILK KL,CASH PAYMENT,15-01-2022,01-08-2025,EKSFO24499/25,B2C,GINEESHKR ,129,0,0,0,129,0,129,129,0,Cash,000FG MILK,CM 475,0,5,0,129,0,25.8,0,",JMJ STORE000FG MILK",,,,YES,Not in Master,,0,,,,
Sales,7419131,Tamil Nadu,TAMILNADU,ELANADU MILK DINDIGUL,DINDIGUL,",Selvam tea stall",MILK TN,CASH PAYMENT,03-12-2024,01-08-2025,DGLSD10978/25,B2C,DINESH KUMAR,419.66,1.14,1.14,0,422,0,422,500,-78,,000FG MILK,FCM 1000,0,4,0,272,0,68,0,",Selvam tea stall000FG MILK",,,,YES,Not in Master,,0,,,,
Sales,7419131,Tamil Nadu,TAMILNADU,ELANADU MILK DINDIGUL,DINDIGUL,",Selvam tea stall",MILK TN,CASH PAYMENT,03-12-2024,01-08-2025,DGLSD10978/25,B2C,DINESH KUMAR,419.66,1.14,1.14,0,422,0,422,500,-78,,000FG MILK,FCM 120,0,12,0,102,0,8.5,0,",Selvam tea stall000FG MILK",,,,YES,Not in Master,,0,,,,
Sales,7419131,Tamil Nadu,TAMILNADU,ELANADU MILK DINDIGUL,DINDIGUL,",Selvam tea stall",MILK TN,CASH PAYMENT,03-12-2024,01-08-2025,DGLSD10978/25,B2C,DINESH KUMAR,419.66,1.14,1.14,0,422,0,422,500,-78,,001 FG CURD,DTC125,5,6,0,45.66,0,7.61,0,",Selvam tea stall001 FG CURD",,,,YES,Not in Master,,,,,,
Sales,7419412,Kerala,ERNAKULAM ZONE,ELANADU MILK ERNAKULAM,FORTKOCHI,.ARYA STR,MILK KL,CASH PAYMENT,10-08-2023,01-08-2025,EKSFO24448/25,B2C,GINEESHKR ,463.67,1.17,1.17,0,466,0,466,466,0,Cash,000FG MILK,SM 450,0,15,0,417,0,27.8,0,.ARYA STR000FG MILK,,,,YES,Not in Master,,,,,,
Sales,7419412,Kerala,ERNAKULAM ZONE,ELANADU MILK ERNAKULAM,FORTKOCHI,.ARYA STR,MILK KL,CASH PAYMENT,10-08-2023,01-08-2025,EKSFO24448/25,B2C,GINEESHKR ,463.67,1.17,1.17,0,466,0,466,466,0,Cash,4FG AGRO,BATTER,5,1,0,46.67,0,46.67,0,.ARYA STR4FG AGRO,,,,NO,Not in Master,,,,,,
Sales Return,87265,Kerala,MALAPPURAM ZONE,ELANADU MILK ELANADU(PKD),KANNAMBRA,.ASANAR,MILK KL,CASH PAYMENT,07-10-2021,01-08-2025,ESRNA272/25,B2C,LAKSHMANAN.C T,0,,,,0,,0,0,0,,000FG MILK,SM 450,0,0,1,0,0,27.8,0,.ASANAR000FG MILK,,,,YES,Not in Master,,,,,,
Sales Return,87266,Kerala,MALAPPURAM ZONE,ELANADU MILK ELANADU(PKD),KANNAMBRA,.ASANAR,MILK KL,CASH PAYMENT,07-10-2021,01-08-2025,ESRNA273/25,B2C,LAKSHMANAN.C T,0,,,,0,,0,0,0,,001 FG CURD,PC400,5,0,11,0,0,24.38,0,.ASANAR001 FG CURD,,,,YES,Not in Master,,,,,,
Sales Return,87267,Kerala,MALAPPURAM ZONE,ELANADU MILK ELANADU(PKD),KANNAMBRA,.ASANAR,MILK KL,CASH PAYMENT,07-10-2021,01-08-2025,ESRNA274/25,B2C,LAKSHMANAN.C T,0,,,,0,,0,0,0,,000FG MILK,TM 500,0,0,0,0,0,26,0,.ASANAR000FG MILK,,,,YES,Not in Master,,,,,,
Sales,7418633,Kerala,MALAPPURAM ZONE,ELANADU MILK ELANADU(PKD),KANNAMBRA,.BABU.,MILK KL,CASH PAYMENT,07-10-2021,01-08-2025,ESKA7398/25,B2C,LAKSHMANAN.C T,141.8,0,0,0,142,0,142,142,0,Cash,000FG MILK,CM400,0,5,0,114,0,22.8,0,.BABU.000FG MILK,,,,YES,Not in Master,,,,,,
Sales,7418633,Kerala,MALAPPURAM ZONE,ELANADU MILK ELANADU(PKD),KANNAMBRA,.BABU.,MILK KL,CASH PAYMENT,07-10-2021,01-08-2025,ESKA7398/25,B2C,LAKSHMANAN.C T,141.8,0,0,0,142,0,142,142,0,Cash,000FG MILK,SM 450,0,1,0,27.8,0,27.8,0,.BABU.000FG MILK,,,,YES,Not in Master,,,,,,
Sales,7419505,Kerala,MALAPPURAM ZONE,ELANADU MILK ELANADU(PKD),KANNAMBRA,.BASHEER,MILK KL,CASH PAYMENT,07-10-2021,01-08-2025,ESKA7404/25,B2C,LAKSHMANAN.C T,68.4,0,0,0,68,0,68,68,0,Cash,000FG MILK,CM400,0,3,2,68.4,0,22.8,0,.BASHEER000FG MILK,,,,YES,Not in Master,,,,,,
Sales,7418602,Kerala,MALAPPURAM ZONE,ELANADU MILK ELANADU(PKD),KANNAMBRA,.BISMI STORE,MILK KL,CASH PAYMENT,07-10-2021,01-08-2025,ESKA7367/25,B2C,LAKSHMANAN.C T,55.6,0,0,0,56,0,56,56,0,Cash,000FG MILK,SM 450,0,2,0,55.6,0,27.8,0,.BISMI STORE000FG MILK,,,,YES,Not in Master,,0,,,,
Sales,7421935,Tamil Nadu,TAMILNADU,ELANADU MILK DINDIGUL,DINDIGUL,.G DEVI STORE,MILK TN,CASH PAYMENT,23-07-2024,01-08-2025,DGLSD10993/25,B2C,DINESH KUMAR,60.94,1.52,1.52,0,64,0,64,64,0,,001 FG CURD,TTIC 450,5,2,0,60.94,0,30.47,0,.G DEVI STORE001 FG CURD,,,,YES,Not in Master,,,,,,
Sales,7418613,Kerala,MALAPPURAM ZONE,ELANADU MILK ELANADU(PKD),KANNAMBRA,.JABBAR STORE,MILK KL,CASH PAYMENT,07-10-2021,01-08-2025,ESKA7378/25,B2C,LAKSHMANAN.C T,260,0,0,0,260,0,260,0,260,,000FG MILK,TM 500,0,10,0,260,0,26,0,.JABBAR STORE000FG MILK,,,,YES,Not in Master,,,,,,
Sales,7420132,Kerala,MALAPPURAM ZONE,ELANADU MILK ELANADU(PKD),KANNAMBRA,.KABEER,MILK KL,CASH PAYMENT,07-10-2021,01-08-2025,ESKA7411/25,B2C,LAKSHMANAN.C T,114,0,0,0,114,0,114,114,0,Cash,000FG MILK,CM400,0,5,2,114,0,22.8,0,.KABEER000FG MILK,,,,YES,Not in Master,,,,,,
Sales,7418634,Kerala,MALAPPURAM ZONE,ELANADU MILK ELANADU(PKD),KANNAMBRA,.KANNAN STORE.,MILK KL,CASH PAYMENT,07-10-2021,01-08-2025,ESKA7399/25,B2C,LAKSHMANAN.C T,228,0,0,0,228,0,228,228,0,Cash,000FG MILK,CM400,0,10,0,228,0,22.8,0,.KANNAN STORE.000FG MILK,,,,YES,Not in Master,,,,,,
Sales,7418610,Kerala,MALAPPURAM ZONE,ELANADU MILK ELANADU(PKD),KANNAMBRA,.KRISHNA STORE .,MILK KL,CASH PAYMENT,07-10-2021,01-08-2025,ESKA7375/25,B2C,LAKSHMANAN.C T,877.42,2.79,2.79,0,883,0,883,0,883,,000FG MILK,CM150,0,20,0,180,0,9,0,.KRISHNA STORE .000FG MILK,,,,YES,Not in Master,,,,,,
Sales,7418610,Kerala,MALAPPURAM ZONE,ELANADU MILK ELANADU(PKD),KANNAMBRA,.KRISHNA STORE .,MILK KL,CASH PAYMENT,07-10-2021,01-08-2025,ESKA7375/25,B2C,LAKSHMANAN.C T,877.42,2.79,2.79,0,883,0,883,0,883,,000FG MILK,CM400,0,20,23,456,0,22.8,0,.KRISHNA STORE .000FG MILK,,,,YES,Not in Master,,,,,,
Sales,7418610,Kerala,MALAPPURAM ZONE,ELANADU MILK ELANADU(PKD),KANNAMBRA,.KRISHNA STORE .,MILK KL,CASH PAYMENT,07-10-2021,01-08-2025,ESKA7375/25,B2C,LAKSHMANAN.C T,877.42,2.79,2.79,0,883,0,883,0,883,,000FG MILK,TM 500,0,5,0,130,0,26,0,.KRISHNA STORE .000FG MILK,,,,YES,Not in Master,,,,,,
Sales,7418610,Kerala,MALAPPURAM ZONE,ELANADU MILK ELANADU(PKD),KANNAMBRA,.KRISHNA STORE .,MILK KL,CASH PAYMENT,07-10-2021,01-08-2025,ESKA7375/25,B2C,LAKSHMANAN.C T,877.42,2.79,2.79,0,883,0,883,0,883,,001 FG CURD,KC 250,5,6,0,111.42,0,18.57,0,.KRISHNA STORE .001 FG CURD,,,,YES,Not in Master,,,,,,
Sales,7418625,Kerala,MALAPPURAM ZONE,ELANADU MILK ELANADU(PKD),KANNAMBRA,.MANI.,MILK KL,CASH PAYMENT,07-10-2021,01-08-2025,ESKA7390/25,B2C,LAKSHMANAN.C T,159,0,0,0,159,0,159,159,0,Cash,000FG MILK,CM150,0,5,0,45,0,9,0,.MANI.000FG MILK,,,,YES,Not in Master,,,,,,
Sales,7418625,Kerala,MALAPPURAM ZONE,ELANADU MILK ELANADU(PKD),KANNAMBRA,.MANI.,MILK KL,CASH PAYMENT,07-10-2021,01-08-2025,ESKA7390/25,B2C,LAKSHMANAN.C T,159,0,0,0,159,0,159,159,0,Cash,000FG MILK,CM400,0,5,2,114,0,22.8,0,.MANI.000FG MILK,,,,YES,Not in Master,,,,,,
Sales,7463649,Kerala,ERNAKULAM ZONE,ELANADU MILK ERNAKULAM,AROOR,.MODERN BAKERY.,MILK KL,BILL TO BILL,19-07-2024,01-08-2025,EKSAR6957/25,B2C,PRASANAN ,695,0,0,0,695,0,695,695,0,Cash,000FG MILK,SM 450,0,25,2,695,0,27.8,0,.MODERN BAKERY.000FG MILK,,,,YES,Not in Master,,,,,,
Sales,7419506,Kerala,MALAPPURAM ZONE,ELANADU MILK ELANADU(PKD),KANNAMBRA,.MOHAMMAD STORE,MILK KL,CASH PAYMENT,03-08-2023,01-08-2025,ESKA7405/25,B2C,LAKSHMANAN.C T,135.6,0,0,0,136,0,136,136,0,Cash,000FG MILK,CM150,0,10,2,90,0,9,0,.MOHAMMAD STORE000FG MILK,,,,YES,Not in Master,,,,,,
Sales,7419506,Kerala,MALAPPURAM ZONE,ELANADU MILK ELANADU(PKD),KANNAMBRA,.MOHAMMAD STORE,MILK KL,CASH PAYMENT,03-08-2023,01-08-2025,ESKA7405/25,B2C,LAKSHMANAN.C T,135.6,0,0,0,136,0,136,136,0,Cash,000FG MILK,CM400,0,2,0,45.6,0,22.8,0,.MOHAMMAD STORE000FG MILK,,,,YES,Not in Master,,,,,,
Sales,7429966,Kerala,CALICUT ZONE,ELANADU MILK PAYYANNUR,PAYYANNUR TOWN,.P.P.STORES.PALAKKUNNU,NORMAL,WEEKLY CREDIT,17-04-2025,01-08-2025,PYSP24655/25,B2C,SANOOPMS,286.1,0.7,0.7,0,288,0,288,288,0,Cash,000FG MILK,CM 475,0,10,0,258,0,25.8,0,.P.P.STORES.PALAKKUNNU000FG MILK,,,,YES,Not in Master,,,,,,
Sales,7429966,Kerala,CALICUT ZONE,ELANADU MILK PAYYANNUR,PAYYANNUR TOWN,.P.P.STORES.PALAKKUNNU,NORMAL,WEEKLY CREDIT,17-04-2025,01-08-2025,PYSP24655/25,B2C,SANOOPMS,286.1,0.7,0.7,0,288,0,288,288,0,Cash,001 FG CURD,PC475,5,1,0,28.1,0,28.1,0,.P.P.STORES.PALAKKUNNU001 FG CURD,,,,YES,Not in Master,,0,,,,
Sales,7425081,Tamil Nadu,TAMILNADU,ELANADU MILK DINDIGUL,DINDIGUL,.PS STORE1,MILK TN,CASH PAYMENT,23-07-2024,01-08-2025,DGLSD11025/25,B2C,DINESH KUMAR,55.22,1.38,1.38,0,58,0,58,58,0,,001 FG CURD,DTC 450,5,2,0,55.22,0,27.61,0,.PS STORE1001 FG CURD,,,,YES,Not in Master,,,,,,
Sales,7430704,Kerala,MALAPPURAM ZONE,ELANADU MILK NILAMBUR,EDAKKARA,.PUSHPPA HOT,NORMAL,CASH PAYMENT,15-04-2025,01-08-2025,NLSED23311/25,B2C,AMAL TS,222.4,0,0,0,222,0,222,222,0,Cash,000FG MILK,SM 900,0,4,0,222.4,0,55.6,0,.PUSHPPA HOT000FG MILK,,,,YES,Not in Master,,,,,,
Sales,7418631,Kerala,MALAPPURAM ZONE,ELANADU MILK ELANADU(PKD),KANNAMBRA,.RADHA K.,MILK KL,CASH PAYMENT,07-10-2021,01-08-2025,ESKA7396/25,B2C,LAKSHMANAN.C T,436.74,1.83,1.83,0,440,0,440,440,0,Cash,000FG MILK,CM150,0,10,0,90,0,9,0,.RADHA K.000FG MILK,,,,YES,Not in Master,,,,,,
Sales,7418631,Kerala,MALAPPURAM ZONE,ELANADU MILK ELANADU(PKD),KANNAMBRA,.RADHA K.,MILK KL,CASH PAYMENT,07-10-2021,01-08-2025,ESKA7396/25,B2C,LAKSHMANAN.C T,436.74,1.83,1.83,0,440,0,440,440,0,Cash,000FG MILK,CM400,0,12,0,273.6,0,22.8,0,.RADHA K.000FG MILK,,,,YES,Not in Master,,,,,,
Sales,7418631,Kerala,MALAPPURAM ZONE,ELANADU MILK ELANADU(PKD),KANNAMBRA,.RADHA K.,MILK KL,CASH PAYMENT,07-10-2021,01-08-2025,ESKA7396/25,B2C,LAKSHMANAN.C T,436.74,1.83,1.83,0,440,0,440,440,0,Cash,001 FG CURD,PC400,5,3,0,73.14,0,24.38,0,.RADHA K.001 FG CURD,,,,YES,Not in Master,,,,,,
Sales,7418626,Kerala,MALAPPURAM ZONE,ELANADU MILK ELANADU(PKD),KANNAMBRA,.RAVI.,MILK KL,CASH PAYMENT,07-10-2021,01-08-2025,ESKA7391/25,B2C,LAKSHMANAN.C T,273,0,0,0,273,0,273,273,0,Cash,000FG MILK,CM150,0,5,0,45,0,9,0,.RAVI.000FG MILK,,,,YES,Not in Master,,,,,,
Sales,7418626,Kerala,MALAPPURAM ZONE,ELANADU MILK ELANADU(PKD),KANNAMBRA,.RAVI.,MILK KL,CASH PAYMENT,07-10-2021,01-08-2025,ESKA7391/25,B2C,LAKSHMANAN.C T,273,0,0,0,273,0,273,273,0,Cash,000FG MILK,CM400,0,10,0,228,0,22.8,0,.RAVI.000FG MILK,,,,YES,Not in Master,,,,,,
Sales,7419973,Kerala,MALAPPURAM ZONE,ELANADU MILK ELANADU(PKD),PATHIRIPALA,.THATTUKADA,MILK KL,CASH PAYMENT,07-10-2021,01-08-2025,ESPA34939/25,B2C,SURESH. S,361.4,0,0,0,361,0,361,361,0,Cash,000FG MILK,SM 450,0,13,0,361.4,0,27.8,0,.THATTUKADA000FG MILK,,,,YES,Not in Master,,,,,,
Sales,7430680,Kerala,BRANCH DISTRIBUTION,TREAT ASSOCIATES,INOFFICE,@COUNTER SALE,NORMAL,CASH PAYMENT,16-05-2025,01-08-2025,TASBI000193/25,B2C,TREAT ASSOCIATES INOFFICE,419.48,36.6,36.6,0,480,-13,480,480,0,Cash,FG ICECREAM,BAL-VAN,18,2,0,33.9,0,16.95,0,@COUNTER SALEFG ICECREAM,,,,NO,Not in Master,,,,,,
Sales,7430680,Kerala,BRANCH DISTRIBUTION,TREAT ASSOCIATES,INOFFICE,@COUNTER SALE,NORMAL,CASH PAYMENT,16-05-2025,01-08-2025,TASBI000193/25,B2C,TREAT ASSOCIATES INOFFICE,419.48,36.6,36.6,0,480,0,480,480,0,Cash,FG ICECREAM,ICPF35,18,2,0,8.48,0,4.24,0,@COUNTER SALEFG ICECREAM,,,,NO,Not in Master,,,,,,
Sales,7430680,Kerala,BRANCH DISTRIBUTION,TREAT ASSOCIATES,INOFFICE,@COUNTER SALE,NORMAL,CASH PAYMENT,16-05-2025,01-08-2025,TASBI000193/25,B2C,TREAT ASSOCIATES INOFFICE,419.48,36.6,36.6,0,480,0,480,480,0,Cash,FG ICECREAM,MAN1000,18,1,0,275.42,0,275.42,0,@COUNTER SALEFG ICECREAM,,,,NO,Not in Master,,,,,,
Sales,7430680,Kerala,BRANCH DISTRIBUTION,TREAT ASSOCIATES,INOFFICE,@COUNTER SALE,NORMAL,CASH PAYMENT,16-05-2025,01-08-2025,TASBI000193/25,B2C,TREAT ASSOCIATES INOFFICE,419.48,36.6,36.6,0,480,0,480,480,0,Cash,FG ICECREAM,POPSD60,18,1,0,25.42,0,25.42,0,@COUNTER SALEFG ICECREAM,,,,NO,Not in Master,,,,,,
Sales,7430680,Kerala,BRANCH DISTRIBUTION,TREAT ASSOCIATES,INOFFICE,@COUNTER SALE,NORMAL,CASH PAYMENT,16-05-2025,01-08-2025,TASBI000193/25,B2C,TREAT ASSOCIATES INOFFICE,419.48,36.6,36.6,0,480,0,480,480,0,Cash,FG ICECREAM,POPVA60,18,2,0,42.38,0,21.19,0,@COUNTER SALEFG ICECREAM,,,,NO,Not in Master,,,,,,
Sales,7430680,Kerala,BRANCH DISTRIBUTION,TREAT ASSOCIATES,INOFFICE,@COUNTER SALE,NORMAL,CASH PAYMENT,16-05-2025,01-08-2025,TASBI000193/25,B2C,TREAT ASSOCIATES INOFFICE,419.48,36.6,36.6,0,480,0,480,480,0,Cash,FG ICECREAM,VANCUP,18,2,0,16.94,0,8.47,0,@COUNTER SALEFG ICECREAM,,,,NO,Not in Master,,,,,,
Sales,7430680,Kerala,BRANCH DISTRIBUTION,TREAT ASSOCIATES,INOFFICE,@COUNTER SALE,NORMAL,CASH PAYMENT,16-05-2025,01-08-2025,TASBI000193/25,B2C,TREAT ASSOCIATES INOFFICE,419.48,36.6,36.6,0,480,0,480,480,0,Cash,FG ICECREAM,VANSIP,18,2,0,16.94,0,8.47,0,@COUNTER SALEFG ICECREAM,,,,NO,Not in Master,,,,,,
Sales,7421247,Kerala,TRIVANDRUM ZONE,ELANADU MILK NEYYATTINKARA,KOVALAM,01 BISMI TEA STALL,MILK KL,CASH PAYMENT,02-04-2024,01-08-2025,NSKV5695/25,B2C,AMALDASJ,166.8,0,0,0,167,0,167,167,0,,000FG MILK,SM 900,0,3,0,166.8,0,55.6,0,01 BISMI TEA STALL000FG MILK,,,,YES,Not in Master,,,,,,
Sales,7421261,Kerala,TRIVANDRUM ZONE,ELANADU MILK NEYYATTINKARA,KOVALAM,01 SUMATHI STORE,MILK KL,CASH PAYMENT,17-06-2024,01-08-2025,NSKV5703/25,B2C,AMALDASJ,0,0,0,0,0,0,0,0,0,,000FG MILK,SM 900,0,0,0,0,0,55.6,0,01 SUMATHI STORE000FG MILK,,,,YES,Not in Master,,,,,,
Sales,7420931,Kerala,TRIVANDRUM ZONE,ELANADU MILK NEYYATTINKARA,KOVALAM,02 KAVITHA STORE,MILK KL,CASH PAYMENT,24-04-2024,01-08-2025,NSKV5671/25,B2C,AMALDASJ,206.4,0,0,0,206,0,206,0,206,,000FG MILK,CM 475,0,8,0,206.4,0,25.8,0,02 KAVITHA STORE000FG MILK,,,,YES,Not in Master,,,,,,
Sales,7421262,Kerala,TRIVANDRUM ZONE,ELANADU MILK NEYYATTINKARA,KOVALAM,02 SATHEESAN STORE,MILK KL,CASH PAYMENT,23-06-2024,01-08-2025,NSKV5704/25,B2C,AMALDASJ,84.3,2.11,2.11,0,89,0,89,89,0,,001 FG CURD,PC475,5,3,0,84.3,0,28.1,0,02 SATHEESAN STORE001 FG CURD,,,,YES,Not in Master,,,,,,
Sales,7421250,Kerala,TRIVANDRUM ZONE,ELANADU MILK NEYYATTINKARA,KOVALAM,03 T C VEGETABLES,MILK KL,CASH PAYMENT,03-04-2024,01-08-2025,NSKV5697/25,B2C,AMALDASJ,0,0,0,0,0,0,0,0,0,,000FG MILK,SM 900,0,0,0,0,0,55.6,0,03 T C VEGETABLES000FG MILK,,,,YES,Not in Master,,,,,,
Sales,7421259,Kerala,TRIVANDRUM ZONE,ELANADU MILK NEYYATTINKARA,KOVALAM,04 KULUKKI SARBATH,MILK KL,CASH PAYMENT,06-05-2024,01-08-2025,NSKV5702/25,B2C,AMALDASJ,0,0,0,0,0,0,0,0,0,,000FG MILK,SM 900,0,0,0,0,0,55.6,0,04 KULUKKI SARBATH000FG MILK,,,,YES,Not in Master,,,,,,
Sales,7421248,Kerala,TRIVANDRUM ZONE,ELANADU MILK NEYYATTINKARA,KOVALAM,05 SNR STORE,MILK KL,CASH PAYMENT,03-04-2024,01-08-2025,NSKV5696/25,B2C,AMALDASJ,0,0,0,0,0,0,0,0,0,,000FG MILK,SM 900,0,0,0,0,0,55.6,0,05 SNR STORE000FG MILK,,,,YES,Not in Master,,,,,,
Sales,7421283,Kerala,TRIVANDRUM ZONE,ELANADU MILK NEYYATTINKARA,KOVALAM,05 SNR STORE,MILK KL,CASH PAYMENT,03-04-2024,01-08-2025,NSKV5715/25,B2C,AMALDASJ,65.72,1.64,1.64,0,69,0,69,69,0,Cash,001 FG CURD,TC 400,5,2,0,65.72,0,32.86,0,05 SNR STORE001 FG CURD,,,,YES,Not in Master,,,,,,
Sales,7421252,Kerala,TRIVANDRUM ZONE,ELANADU MILK NEYYATTINKARA,KOVALAM,08 RAYAN HOTEL,MILK KL,CASH PAYMENT,04-04-2024,01-08-2025,NSKV5698/25,B2C,AMALDASJ,0,0,0,0,0,0,0,0,0,,000FG MILK,SM 900,0,0,0,0,0,55.6,0,08 RAYAN HOTEL000FG MILK,,,,YES,Not in Master,,,,,,
Sales,7426703,Kerala,MALAPPURAM ZONE,ELANADU MILK  MALAPPURAM,OTHUKUNGAL,0THUKKUNGAL VEG,MILK KL,CASH PAYMENT,29-12-2021,01-08-2025,MLSO41819/25,B2C,NISARUDHEEN -M,382.8,6.1,6.1,0,395,0,395,0,395,,000FG MILK,SM 450,0,5,0,139,0,27.8,0,0THUKKUNGAL VEG000FG MILK,,,,YES,Not in Master,,,,,,
Sales,7426703,Kerala,MALAPPURAM ZONE,ELANADU MILK  MALAPPURAM,OTHUKUNGAL,0THUKKUNGAL VEG,MILK KL,CASH PAYMENT,29-12-2021,01-08-2025,MLSO41819/25,B2C,NISARUDHEEN -M,382.8,6.1,6.1,0,395,0,395,0,395,,001 FG CURD,PC400,5,10,0,243.8,0,24.38,0,0THUKKUNGAL VEG001 FG CURD,,,,YES,Not in Master,,,,,,
Sales,7423868,Tamil Nadu,TAMILNADU,ELANADU MILK COIMBATORE,S.PURAM,1 (Periyanna store),MILK TN,CASH PAYMENT,08-01-2024,01-08-2025,CBESSP27898/25,B2C,ANOOP,76.1,1.9,1.9,0,80,0,80,80,0,Cash,001 FG CURD,DTC125,5,10,0,76.1,0,7.61,0,1 (Periyanna store)001 FG CURD,,,,YES,Not in Master,,,,,,
Sales,7419911,Kerala,MALAPPURAM ZONE,ELANADU MILK  MALAPPURAM,KOTTAKAL,1 MADEENA BAKERY,MILK KL,CASH PAYMENT,07-10-2021,01-08-2025,MLSKO8748/25,B2C,MOHAMMEDFASIL,45.6,0,0,0,46,0,46,46,0,Cash,000FG MILK,CM400,0,2,0,45.6,0,22.8,0,1 MADEENA BAKERY000FG MILK,,,,YES,Not in Master,,,,,,
Sales,7422483,Tamil Nadu,TAMILNADU,ELANADU MILK DINDIGUL,RTC,1.MURUGAN TEA SHOPE (MARKET),NORMAL,CASH PAYMENT,12-02-2025,01-08-2025,DGLSR7131/25,B2C,KANNAN DGL,272,0,0,0,272,0,272,272,0,Cash,000FG MILK,FCM 1000,0,4,0,272,0,68,0,1.MURUGAN TEA SHOPE (MARKET)000FG MILK,,,,YES,Not in Master,,,,,,
Sales,7422332,Kerala,TRIVANDRUM ZONE,ELANADU MILK NEYYATTINKARA,PALIYODE,100 AMBADI STORE MARAYAMUTTAM,MILK KL,CASH PAYMENT,02-12-2023,01-08-2025,NSPD9221/25,B2C,SATHEESH R,76.2,1.91,1.91,0,80,0,80,80,0,Cash,001 FG CURD,PC140,5,10,0,76.2,0,7.62,0,100 AMBADI STORE MARAYAMUTTAM001 FG CURD,,,,YES,Not in Master,,,,,,
Sales,7422333,Kerala,TRIVANDRUM ZONE,ELANADU MILK NEYYATTINKARA,PALIYODE,100 APPUS THATTUKADA,MILK KL,CASH PAYMENT,01-12-2023,01-08-2025,NSPD9222/25,B2C,SATHEESH R,166.8,0,0,0,167,0,167,167,0,Cash,000FG MILK,SM 900,0,3,0,166.8,0,55.6,0,100 APPUS THATTUKADA000FG MILK,,,,YES,Not in Master,,,,,,
Sales,7422416,Kerala,TRIVANDRUM ZONE,ELANADU MILK NEYYATTINKARA,PALIYODE,100 APPUS THATTUKADA,MILK KL,CASH PAYMENT,01-12-2023,01-08-2025,NSPD9279/25,B2C,SATHEESH R,129,0,0,0,129,0,129,129,0,Cash,000FG MILK,CM 475,0,5,0,129,0,25.8,0,100 APPUS THATTUKADA000FG MILK,,,,YES,Not in Master,,,,,,
Sales,7422335,Kerala,TRIVANDRUM ZONE,ELANADU MILK NEYYATTINKARA,PALIYODE,100 CHANDRAN STORE,MILK KL,CASH PAYMENT,25-11-2023,01-08-2025,NSPD9224/25,B2C,SATHEESH R,154.8,0,0,0,155,0,155,155,0,Cash,000FG MILK,CM 475,0,6,0,154.8,0,25.8,0,100 CHANDRAN STORE000FG MILK,,,,YES,Not in Master,,,,,,
Sales,7422334,Kerala,TRIVANDRUM ZONE,ELANADU MILK NEYYATTINKARA,PALIYODE,100 GREEN MART,MILK KL,CASH PAYMENT,27-11-2023,01-08-2025,NSPD9223/25,B2C,SATHEESH R,152.4,3.81,3.81,0,160,0,160,160,0,Cash,4FG AGRO,HCC 10,5,4,0,152.4,0,38.1,0,100 GREEN MART4FG AGRO,,,,NO,Not in Master,,,,,,
Sales,7422337,Kerala,TRIVANDRUM ZONE,ELANADU MILK NEYYATTINKARA,PALIYODE,100 MADHU STORE,MILK KL,CASH PAYMENT,24-11-2023,01-08-2025,NSPD9226/25,B2C,SATHEESH R,180.6,0,0,0,181,0,181,181,0,Cash,000FG MILK,CM 475,0,7,0,180.6,0,25.8,0,100 MADHU STORE000FG MILK,,,,YES,Not in Master,,,,,,
Sales,7422329,Kerala,TRIVANDRUM ZONE,ELANADU MILK NEYYATTINKARA,PALIYODE,100 RAVI STORE,MILK KL,BILL TO BILL,11-12-2023,01-08-2025,NSPD9218/25,B2C,SATHEESH R,154.8,0,0,0,155,0,155,155,0,Cash,000FG MILK,CM 475,0,6,0,154.8,0,25.8,0,100 RAVI STORE000FG MILK,,,,YES,Not in Master,,,,,,
Sales,7422331,Kerala,TRIVANDRUM ZONE,ELANADU MILK NEYYATTINKARA,PALIYODE,100 RSR STORE,MILK KL,BILL TO BILL,03-12-2023,01-08-2025,NSPD9220/25,B2C,SATHEESH R,129,0,0,0,129,0,129,129,0,Cash,000FG MILK,CM 475,0,5,0,129,0,25.8,0,100 RSR STORE000FG MILK,,,,YES,Not in Master,,,,,,
Sales,7422415,Kerala,TRIVANDRUM ZONE,ELANADU MILK NEYYATTINKARA,PALIYODE,100 RSR STORE,MILK KL,BILL TO BILL,03-12-2023,01-08-2025,NSPD9278/25,B2C,SATHEESH R,232.2,0,0,0,232,0,232,232,0,Cash,000FG MILK,CM 475,0,9,0,232.2,0,25.8,0,100 RSR STORE000FG MILK,,,,YES,Not in Master,,,,,,
Sales,7422330,Kerala,TRIVANDRUM ZONE,ELANADU MILK NEYYATTINKARA,PALIYODE,100 SREE VINAYAKA,MILK KL,BILL TO BILL,11-12-2023,01-08-2025,NSPD9219/25,B2C,SATHEESH R,84.3,2.11,2.11,0,89,0,89,89,0,Cash,001 FG CURD,PC475,5,3,0,84.3,0,28.1,0,100 SREE VINAYAKA001 FG CURD,,,,YES,Not in Master,,,,,,
Sales,7422336,Kerala,TRIVANDRUM ZONE,ELANADU MILK NEYYATTINKARA,PALIYODE,100 SREE VINAYAKA RESTURANT,MILK KL,CASH PAYMENT,24-11-2023,01-08-2025,NSPD9225/25,B2C,SATHEESH R,140.5,3.51,3.51,0,148,0,148,148,0,Cash,001 FG CURD,PC475,5,5,0,140.5,0,28.1,0,100 SREE VINAYAKA RESTURANT001 FG CURD,,,,YES,Not in Master,,,,,,
Sales,7428333,Kerala,TRIVANDRUM ZONE,ELANADU MILK NEYYATTINKARA,KATTAKADA,100 SWAMIS RESTURANT,MILK KL,CASH PAYMENT,23-02-2023,01-08-2025,NSKD19520/25,B2C,BINEESH,112.4,2.81,2.81,0,118,0,118,118,0,Cash,001 FG CURD,PC475,5,4,0,112.4,0,28.1,0,100 SWAMIS RESTURANT001 FG CURD,,,,YES,Not in Master,,,,,,
Sales,7419845,Kerala,TRIVANDRUM ZONE,ELANADU MILK NEYYATTINKARA,KARAKONAM,101 ANIL KUMAR STORE,MILK KL,CASH PAYMENT,15-03-2023,01-08-2025,NSKM24172/25,B2C,DHANOOP S S,129,0,0,0,129,0,129,129,0,Cash,000FG MILK,CM 475,0,5,0,129,0,25.8,0,101 ANIL KUMAR STORE000FG MILK,,,,YES,Not in Master,,,,,,
Sales,7422316,Kerala,TRIVANDRUM ZONE,ELANADU MILK NEYYATTINKARA,PALIYODE,101 B B HOTEL,NORMAL,CASH PAYMENT,26-07-2025,01-08-2025,NSPD9205/25,B2C,SATHEESH R,752.1,3.51,3.51,0,759,0,759,759,0,Cash,000FG MILK,SM 900,0,11,0,611.6,0,55.6,0,101 B B HOTEL000FG MILK,,,,YES,Not in Master,,,,,,
Sales,7422316,Kerala,TRIVANDRUM ZONE,ELANADU MILK NEYYATTINKARA,PALIYODE,101 B B HOTEL,NORMAL,CASH PAYMENT,26-07-2025,01-08-2025,NSPD9205/25,B2C,SATHEESH R,752.1,3.51,3.51,0,759,0,759,759,0,Cash,001 FG CURD,PC475,5,5,0,140.5,0,28.1,0,101 B B HOTEL001 FG CURD,,,,YES,Not in Master,,,,,,
Sales,7422319,Kerala,TRIVANDRUM ZONE,ELANADU MILK NEYYATTINKARA,PALIYODE,101 B B HOTEL,NORMAL,CASH PAYMENT,26-07-2025,01-08-2025,NSPD9208/25,B2C,SATHEESH R,111.2,0,0,0,111,0,111,111,0,Cash,000FG MILK,SM 900,0,2,0,111.2,0,55.6,0,101 B B HOTEL000FG MILK,,,,YES,Not in Master,,,,,,
Sales,7422310,Kerala,TRIVANDRUM ZONE,ELANADU MILK NEYYATTINKARA,PALIYODE,101 BIJU SUPER MARKET,MILK KL,CASH PAYMENT,10-01-2024,01-08-2025,NSPD9199/25,B2C,SATHEESH R,645,0,0,0,645,0,645,0,645,,000FG MILK,CM 475,0,25,0,645,0,25.8,0,101 BIJU SUPER MARKET000FG MILK,,,,YES,Not in Master,,,,,,
Sales,7422341,Kerala,TRIVANDRUM ZONE,ELANADU MILK NEYYATTINKARA,PALIYODE,101 CHOTHI BAKERY,MILK KL,CASH PAYMENT,26-06-2023,01-08-2025,NSPD9230/25,B2C,SATHEESH R,154.8,0,0,0,155,0,155,155,0,Cash,000FG MILK,CM 475,0,6,0,154.8,0,25.8,0,101 CHOTHI BAKERY000FG MILK,,,,YES,Not in Master,,,,,,
Sales,7422338,Kerala,TRIVANDRUM ZONE,ELANADU MILK NEYYATTINKARA,PALIYODE,101 DREAMS BAKERY,MILK KL,CASH PAYMENT,06-11-2023,01-08-2025,NSPD9227/25,B2C,SATHEESH R,129,0,0,0,129,0,129,129,0,Cash,000FG MILK,CM 475,0,5,0,129,0,25.8,0,101 DREAMS BAKERY000FG MILK,,,,YES,Not in Master,,,,,,
Sales,7419847,Kerala,TRIVANDRUM ZONE,ELANADU MILK NEYYATTINKARA,KARAKONAM,101 DS HOTEL,MILK KL,CASH PAYMENT,29-03-2023,01-08-2025,NSKM24174/25,B2C,DHANOOP S S,140.5,3.51,3.51,0,148,0,148,148,0,Cash,001 FG CURD,PC475,5,5,0,140.5,0,28.1,0,101 DS HOTEL001 FG CURD,,,,YES,Not in Master,,,,,,
Sales,7422343,Kerala,TRIVANDRUM ZONE,ELANADU MILK NEYYATTINKARA,PALIYODE,101 FRANCIS STORE,MILK KL,CASH PAYMENT,26-06-2023,01-08-2025,NSPD9232/25,B2C,SATHEESH R,129,0,0,0,129,0,129,129,0,Cash,000FG MILK,CM 475,0,5,0,129,0,25.8,0,101 FRANCIS STORE000FG MILK,,,,YES,Not in Master,,,,,,
Sales,7422314,Kerala,TRIVANDRUM ZONE,ELANADU MILK NEYYATTINKARA,PALIYODE,101 GANGA RESTURANT,NORMAL,CASH PAYMENT,27-07-2025,01-08-2025,NSPD9203/25,B2C,SATHEESH R,841.7,4.92,4.92,0,852,0,852,852,0,Cash,000FG MILK,CM 475,0,25,0,645,0,25.8,0,101 GANGA RESTURANT000FG MILK,,,,YES,Not in Master,,,,,,
Sales,7422314,Kerala,TRIVANDRUM ZONE,ELANADU MILK NEYYATTINKARA,PALIYODE,101 GANGA RESTURANT,NORMAL,CASH PAYMENT,27-07-2025,01-08-2025,NSPD9203/25,B2C,SATHEESH R,841.7,4.92,4.92,0,852,0,852,852,0,Cash,001 FG CURD,PC475,5,7,0,196.7,0,28.1,0,101 GANGA RESTURANT001 FG CURD,,,,YES,Not in Master,,,,,,
Sales,7422342,Kerala,TRIVANDRUM ZONE,ELANADU MILK NEYYATTINKARA,PALIYODE,101 KRRR STORE,MILK KL,CASH PAYMENT,26-06-2023,01-08-2025,NSPD9231/25,B2C,SATHEESH R,154.8,0,0,0,155,0,155,155,0,Cash,000FG MILK,CM 475,0,6,0,154.8,0,25.8,0,101 KRRR STORE000FG MILK,,,,YES,Not in Master,,,,,,
Sales,7422313,Kerala,TRIVANDRUM ZONE,ELANADU MILK NEYYATTINKARA,PALIYODE,101 MENNAKSHI STORE,NORMAL,CASH PAYMENT,28-07-2025,01-08-2025,NSPD9202/25,B2C,SATHEESH R,966,8.04,8.04,0,982,0,982,982,0,Cash,000FG MILK,CM 475,0,25,0,645,0,25.8,0,101 MENNAKSHI STORE000FG MILK,,,,YES,Not in Master,,,,,,
Sales,7422313,Kerala,TRIVANDRUM ZONE,ELANADU MILK NEYYATTINKARA,PALIYODE,101 MENNAKSHI STORE,NORMAL,CASH PAYMENT,28-07-2025,01-08-2025,NSPD9202/25,B2C,SATHEESH R,966,8.04,8.04,0,982,0,982,982,0,Cash,001 FG CURD,PC140,5,10,0,76.2,0,7.62,0,101 MENNAKSHI STORE001 FG CURD,,,,YES,Not in Master,,,,,,
Sales,7422313,Kerala,TRIVANDRUM ZONE,ELANADU MILK NEYYATTINKARA,PALIYODE,101 MENNAKSHI STORE,NORMAL,CASH PAYMENT,28-07-2025,01-08-2025,NSPD9202/25,B2C,SATHEESH R,966,8.04,8.04,0,982,0,982,982,0,Cash,001 FG CURD,PC475,5,6,0,168.6,0,28.1,0,101 MENNAKSHI STORE001 FG CURD,,,,YES,Not in Master,,,,,,
Sales,7422313,Kerala,TRIVANDRUM ZONE,ELANADU MILK NEYYATTINKARA,PALIYODE,101 MENNAKSHI STORE,NORMAL,CASH PAYMENT,28-07-2025,01-08-2025,NSPD9202/25,B2C,SATHEESH R,966,8.04,8.04,0,982,0,982,982,0,Cash,4FG AGRO,HCC 10,5,2,0,76.2,0,38.1,0,101 MENNAKSHI STORE4FG AGRO,,,,NO,Not in Master,,,,,,
Sales,7422315,Kerala,TRIVANDRUM ZONE,ELANADU MILK NEYYATTINKARA,PALIYODE,101 NIRAVU TEA SHOP,NORMAL,BILL TO BILL,26-07-2025,01-08-2025,NSPD9204/25,B2C,SATHEESH R,795.1,2.11,2.11,0,799,0,799,799,0,Cash,000FG MILK,CM 475,0,6,0,154.8,0,25.8,0,101 NIRAVU TEA SHOP000FG MILK,,,,YES,Not in Master,,,,,,
Sales,7422315,Kerala,TRIVANDRUM ZONE,ELANADU MILK NEYYATTINKARA,PALIYODE,101 NIRAVU TEA SHOP,NORMAL,BILL TO BILL,26-07-2025,01-08-2025,NSPD9204/25,B2C,SATHEESH R,795.1,2.11,2.11,0,799,0,799,799,0,Cash,000FG MILK,SM 900,0,10,0,556,0,55.6,0,101 NIRAVU TEA SHOP000FG MILK,,,,YES,Not in Master,,,,,,
Sales,7422315,Kerala,TRIVANDRUM ZONE,ELANADU MILK NEYYATTINKARA,PALIYODE,101 NIRAVU TEA SHOP,NORMAL,BILL TO BILL,26-07-2025,01-08-2025,NSPD9204/25,B2C,SATHEESH R,795.1,2.11,2.11,0,799,0,799,799,0,Cash,001 FG CURD,PC475,5,3,0,84.3,0,28.1,0,101 NIRAVU TEA SHOP001 FG CURD,,,,YES,Not in Master,,,,,,
Sales,7422411,Kerala,TRIVANDRUM ZONE,ELANADU MILK NEYYATTINKARA,PALIYODE,101 RR STORE,MILK KL,CASH PAYMENT,07-10-2024,01-08-2025,NSPD9276/25,B2C,SATHEESH R,129,0,0,0,129,0,129,129,0,Cash,000FG MILK,CM 475,0,5,0,129,0,25.8,0,101 RR STORE000FG MILK,,,,YES,Not in Master,,,,,,
Sales,7422328,Kerala,TRIVANDRUM ZONE,ELANADU MILK NEYYATTINKARA,PALIYODE,101 S S STORE,MILK KL,CASH PAYMENT,26-01-2024,01-08-2025,NSPD9217/25,B2C,SATHEESH R,106.68,2.67,2.67,0,112,0,112,112,0,Cash,001 FG CURD,PC140,5,14,0,106.68,0,7.62,0,101 S S STORE001 FG CURD,,,,YES,Not in Master,,,,,,
Sales,7419844,Kerala,TRIVANDRUM ZONE,ELANADU MILK NEYYATTINKARA,KARAKONAM,101 SA STORE,MILK KL,CASH PAYMENT,09-03-2023,01-08-2025,NSKM24171/25,B2C,DHANOOP S S,129,0,0,0,129,0,129,129,0,Cash,000FG MILK,CM 475,0,5,0,129,0,25.8,0,101 SA STORE000FG MILK,,,,YES,Not in Master,,,,,,
Sales,7422339,Kerala,TRIVANDRUM ZONE,ELANADU MILK NEYYATTINKARA,PALIYODE,101 SHAJIN STORE,MILK KL,CASH PAYMENT,28-06-2023,01-08-2025,NSPD9228/25,B2C,SATHEESH R,129,0,0,0,129,0,129,129,0,Cash,000FG MILK,CM 475,0,5,0,129,0,25.8,0,101 SHAJIN STORE000FG MILK,,,,YES,Not in Master,,,,,,
Sales,7422402,Kerala,TRIVANDRUM ZONE,ELANADU MILK NEYYATTINKARA,PALIYODE,101 SHARAVANA,MILK KL,CASH PAYMENT,20-02-2023,01-08-2025,NSPD9272/25,B2C,SATHEESH R,309.6,0,0,0,310,0,310,310,0,Cash,000FG MILK,CM 475,0,12,0,309.6,0,25.8,0,101 SHARAVANA000FG MILK,,,,YES,Not in Master,,,,,,
Sales,7419842,Kerala,TRIVANDRUM ZONE,ELANADU MILK NEYYATTINKARA,KARAKONAM,101 SJ STORE,MILK KL,CASH PAYMENT,07-03-2023,01-08-2025,NSKM24169/25,B2C,DHANOOP S S,129,0,0,0,129,0,129,129,0,Cash,000FG MILK,CM 475,0,5,0,129,0,25.8,0,101 SJ STORE000FG MILK,,,,YES,Not in Master,,,,,,
Sales,7422312,Kerala,TRIVANDRUM ZONE,ELANADU MILK NEYYATTINKARA,PALIYODE,101 SPICE ROUTE RESTURANT,NORMAL,CASH PAYMENT,29-07-2025,01-08-2025,NSPD9201/25,B2C,SATHEESH R,590.6,7.03,7.03,0,605,0,605,605,0,Cash,000FG MILK,CM 475,0,12,0,309.6,0,25.8,0,101 SPICE ROUTE RESTURANT000FG MILK,,,,YES,Not in Master,,,,,,
Sales,7422312,Kerala,TRIVANDRUM ZONE,ELANADU MILK NEYYATTINKARA,PALIYODE,101 SPICE ROUTE RESTURANT,NORMAL,CASH PAYMENT,29-07-2025,01-08-2025,NSPD9201/25,B2C,SATHEESH R,590.6,7.03,7.03,0,605,0,605,605,0,Cash,001 FG CURD,PC475,5,10,0,281,0,28.1,0,101 SPICE ROUTE RESTURANT001 FG CURD,,,,YES,Not in Master,,,,,,
Sales,7422318,Kerala,TRIVANDRUM ZONE,ELANADU MILK NEYYATTINKARA,PALIYODE,101 SPICE ROUTE RESTURANT,NORMAL,CASH PAYMENT,29-07-2025,01-08-2025,NSPD9207/25,B2C,SATHEESH R,166.8,0,0,0,167,0,167,167,0,Cash,000FG MILK,SM 900,0,3,0,166.8,0,55.6,0,101 SPICE ROUTE RESTURANT000FG MILK,,,,YES,Not in Master,,,,,,
Sales,7419841,Kerala,TRIVANDRUM ZONE,ELANADU MILK NEYYATTINKARA,KARAKONAM,101 SREE KRISHNA HOTEL,MILK KL,CASH PAYMENT,07-03-2023,01-08-2025,NSKM24168/25,B2C,DHANOOP S S,444.8,0,0,0,445,0,445,445,0,Cash,000FG MILK,SM 900,0,8,0,444.8,0,55.6,0,101 SREE KRISHNA HOTEL000FG MILK,,,,YES,Not in Master,,,,,,
Sales,7419848,Kerala,TRIVANDRUM ZONE,ELANADU MILK NEYYATTINKARA,KARAKONAM,101 SUKRUTHAM STORES,MILK KL,CASH PAYMENT,29-03-2023,01-08-2025,NSKM24175/25,B2C,DHANOOP S S,129,0,0,0,129,0,129,129,0,Cash,000FG MILK,CM 475,0,5,0,129,0,25.8,0,101 SUKRUTHAM STORES000FG MILK,,,,YES,Not in Master,,,,,,
Sales,7422400,Kerala,TRIVANDRUM ZONE,ELANADU MILK NEYYATTINKARA,PALIYODE,101 SUKU STORES,MILK KL,CASH PAYMENT,20-02-2023,01-08-2025,NSPD9271/25,B2C,SATHEESH R,258,0,0,0,258,0,258,258,0,Cash,000FG MILK,CM 475,0,10,0,258,0,25.8,0,101 SUKU STORES000FG MILK,,,,YES,Not in Master,,,,,,
Sales,7422404,Kerala,TRIVANDRUM ZONE,ELANADU MILK NEYYATTINKARA,PALIYODE,101 THATHIYOOR KUMAR,MILK KL,CASH PAYMENT,12-05-2023,01-08-2025,NSPD9273/25,B2C,SATHEESH R,309.6,0,0,0,310,0,310,310,0,Cash,000FG MILK,CM 475,0,12,0,309.6,0,25.8,0,101 THATHIYOOR KUMAR000FG MILK,,,,YES,Not in Master,,,,,,
Sales,7419843,Kerala,TRIVANDRUM ZONE,ELANADU MILK NEYYATTINKARA,KARAKONAM,101 VAVVA STORE 2,MILK KL,CASH PAYMENT,07-03-2023,01-08-2025,NSKM24170/25,B2C,DHANOOP S S,129,0,0,0,129,0,129,129,0,Cash,000FG MILK,CM 475,0,5,0,129,0,25.8,0,101 VAVVA STORE 2000FG MILK,,,,YES,Not in Master,,,,,,
Sales,7419846,Kerala,TRIVANDRUM ZONE,ELANADU MILK NEYYATTINKARA,KARAKONAM,101 VS STORE,MILK KL,CASH PAYMENT,16-03-2023,01-08-2025,NSKM24173/25,B2C,DHANOOP S S,129,0,0,0,129,0,129,129,0,Cash,000FG MILK,CM 475,0,5,0,129,0,25.8,0,101 VS STORE000FG MILK,,,,YES,Not in Master,,,,,,
Sales,7421203,Kerala,TRIVANDRUM ZONE,ELANADU MILK NEYYATTINKARA,KOVALAM,101AISWARYA,MILK KL,CASH PAYMENT,22-01-2024,01-08-2025,NSKV5679/25,B2C,AMALDASJ,129,0,0,0,129,0,129,129,0,,000FG MILK,CM 475,0,5,0,129,0,25.8,0,101AISWARYA000FG MILK,,,,YES,Not in Master,,,,,,
Sales,7427393,Kerala,TRIVANDRUM ZONE,ELANADU MILK NEYYATTINKARA,PARASSALA,101ALI STORE,MILK KL,CASH PAYMENT,21-09-2024,01-08-2025,NSPS9504/25,B2C,BENZRAJ,333.6,0,0,0,334,0,334,109,225,Cash,000FG MILK,SM 900,0,6,0,333.6,0,55.6,0,101ALI STORE000FG MILK,,,,YES,Not in Master,,,,,,
Sales,7427417,Kerala,TRIVANDRUM ZONE,ELANADU MILK NEYYATTINKARA,PARASSALA,101B M STORE,MILK KL,CASH PAYMENT,31-10-2023,01-08-2025,NSPS9528/25,B2C,BENZRAJ,258,0,0,0,258,0,258,258,0,Cash,000FG MILK,CM 475,0,10,0,258,0,25.8,0,101B M STORE000FG MILK,,,,YES,Not in Master,,,,,,
Sales,7421201,Kerala,TRIVANDRUM ZONE,ELANADU MILK NEYYATTINKARA,KOVALAM,101CHERUPUSHPAM,MILK KL,CASH PAYMENT,22-01-2024,01-08-2025,NSKV5677/25,B2C,AMALDASJ,129,0,0,0,129,0,129,129,0,,000FG MILK,CM 475,0,5,0,129,0,25.8,0,101CHERUPUSHPAM000FG MILK,,,,YES,Not in Master,,,,,,
Sales,7428074,Kerala,TRIVANDRUM ZONE,ELANADU MILK NEYYATTINKARA,BALARAMAPURAM,101COFFEE SHOP,MILK KL,CASH PAYMENT,27-11-2024,01-08-2025,NSBM32909/25,B2C,MANU  M,444.8,0,0,0,445,0,445,0,445,,000FG MILK,SM 900,0,8,0,444.8,0,55.6,0,101COFFEE SHOP000FG MILK,,,,YES,Not in Master,,,,,,
Sales,7422327,Kerala,TRIVANDRUM ZONE,ELANADU MILK NEYYATTINKARA,PALIYODE,101EDAKKORIDAM STORE,MILK KL,CASH PAYMENT,15-02-2024,01-08-2025,NSPD9216/25,B2C,SATHEESH R,140.5,3.51,3.51,0,148,0,148,148,0,Cash,001 FG CURD,PC475,5,5,0,140.5,0,28.1,0,101EDAKKORIDAM STORE001 FG CURD,,,,YES,Not in Master,,,,,,
Sales,7428328,Kerala,TRIVANDRUM ZONE,ELANADU MILK NEYYATTINKARA,KATTAKADA,101GS STORE,MILK KL,CASH PAYMENT,24-06-2024,01-08-2025,NSKD19515/25,B2C,BINEESH,190.5,4.76,4.76,0,200,0,200,200,0,Cash,4FG AGRO,HCC 10,5,5,0,190.5,0,38.1,0,101GS STORE4FG AGRO,,,,NO,Not in Master,,,,,,
Sales,7427891,Kerala,TRIVANDRUM ZONE,ELANADU MILK NEYYATTINKARA,KATTAKADA,101HOSPITAL CANTEEN,MILK KL,CASH PAYMENT,21-10-2024,01-08-2025,NSKD19503/25,B2C,BINEESH,5092,0,0,0,5092,0,5092,5092,0,Cash,000FG MILK,SM 900,0,95,0,5092,0,55.6,190,101HOSPITAL CANTEEN000FG MILK,,,,YES,Not in Master,,,,,,
Sales,7420832,Kerala,TRIVANDRUM ZONE,ELANADU MILK NEYYATTINKARA,POOVAR,101JAYA CHAYAKADA,MILK KL,CASH PAYMENT,19-07-2023,01-08-2025,NSPR7089/25,B2C,KAMALAS,281,7.03,7.03,0,295,0,295,295,0,Cash,001 FG CURD,PC475,5,10,0,281,0,28.1,0,101JAYA CHAYAKADA001 FG CURD,,,,YES,Not in Master,,,,,,
Sales,7428327,Kerala,TRIVANDRUM ZONE,ELANADU MILK NEYYATTINKARA,KATTAKADA,101KAILASAM HOTEL,MILK KL,CASH PAYMENT,24-06-2024,01-08-2025,NSKD19514/25,B2C,BINEESH,1442.66,22.58,22.58,0,1488,0,1488,970,518,Cash,000FG MILK,SM 900,0,18,0,1000.8,0,55.6,0,101KAILASAM HOTEL000FG MILK,,,,YES,Not in Master,,,,,,
Sales,7428327,Kerala,TRIVANDRUM ZONE,ELANADU MILK NEYYATTINKARA,KATTAKADA,101KAILASAM HOTEL,MILK KL,CASH PAYMENT,24-06-2024,01-08-2025,NSKD19514/25,B2C,BINEESH,1442.66,22.58,22.58,0,1488,0,1488,970,518,Cash,001 FG CURD,PC475,5,4,0,112.4,0,28.1,0,101KAILASAM HOTEL001 FG CURD,,,,YES,Not in Master,,,,,,
Sales,7428327,Kerala,TRIVANDRUM ZONE,ELANADU MILK NEYYATTINKARA,KATTAKADA,101KAILASAM HOTEL,MILK KL,CASH PAYMENT,24-06-2024,01-08-2025,NSKD19514/25,B2C,BINEESH,1442.66,22.58,22.58,0,1488,0,1488,970,518,Cash,FG GHEE,G 500,12,1,0,329.46,0,329.46,0,101KAILASAM HOTELFG GHEE,,,,NO,Not in Master,,,,,,
Sales,7429461,Kerala,TRIVANDRUM ZONE,ELANADU MILK NEYYATTINKARA,BALARAMAPURAM,101KJ STR,MILK KL,CASH PAYMENT,20-12-2021,01-08-2025,NSBM32922/25,B2C,MANU  M,387,0,0,0,387,0,387,387,0,Cash,000FG MILK,CM 475,0,15,0,387,0,25.8,0,101KJ STR000FG MILK,,,,YES,Not in Master,,,,,,
Sales,7422326,Kerala,TRIVANDRUM ZONE,ELANADU MILK NEYYATTINKARA,PALIYODE,101KRIPA STORE,MILK KL,CASH PAYMENT,15-02-2024,01-08-2025,NSPD9215/25,B2C,SATHEESH R,154.8,0,0,0,155,0,155,155,0,Cash,000FG MILK,CM 475,0,6,0,154.8,0,25.8,0,101KRIPA STORE000FG MILK,,,,YES,Not in Master,,,,,,
Sales,7428329,Kerala,TRIVANDRUM ZONE,ELANADU MILK NEYYATTINKARA,KATTAKADA,101KRISHNA BAKERY,MILK KL,CASH PAYMENT,24-06-2024,01-08-2025,NSKD19516/25,B2C,BINEESH,114.3,2.86,2.86,0,120,0,120,120,0,Cash,4FG AGRO,HCC 10,5,3,0,114.3,0,38.1,0,101KRISHNA BAKERY4FG AGRO,,,,NO,Not in Master,,,,,,
Sales,7429514,Kerala,TRIVANDRUM ZONE,ELANADU MILK NEYYATTINKARA,BALARAMAPURAM,101KSR,MILK KL,CASH PAYMENT,27-06-2023,01-08-2025,NSBM32971/25,B2C,MANU  M,281,7.03,7.03,0,295,0,295,295,0,Cash,001 FG CURD,PC475,5,10,0,281,0,28.1,0,101KSR001 FG CURD,,,,YES,Not in Master,,,,,,
Sales,7422311,Kerala,TRIVANDRUM ZONE,ELANADU MILK NEYYATTINKARA,PALIYODE,101KUTTANADAN CHILLES,MILK KL,CASH PAYMENT,14-02-2024,01-08-2025,NSPD9200/25,B2C,SATHEESH R,926,7.03,7.03,0,940,0,940,0,940,,000FG MILK,CM 475,0,25,0,645,0,25.8,0,101KUTTANADAN CHILLES000FG MILK,,,,YES,Not in Master,,,,,,
Sales,7422311,Kerala,TRIVANDRUM ZONE,ELANADU MILK NEYYATTINKARA,PALIYODE,101KUTTANADAN CHILLES,MILK KL,CASH PAYMENT,14-02-2024,01-08-2025,NSPD9200/25,B2C,SATHEESH R,926,7.03,7.03,0,940,0,940,0,940,,001 FG CURD,PC475,5,10,0,281,0,28.1,0,101KUTTANADAN CHILLES001 FG CURD,,,,YES,Not in Master,,,,,,
Sales,7420842,Kerala,TRIVANDRUM ZONE,ELANADU MILK NEYYATTINKARA,POOVAR,101LEELA RESORT,MILK KL,BILL TO BILL,10-08-2024,01-08-2025,NSPR7099/25,B2C,KAMALAS,76.2,1.91,1.91,0,80,0,80,80,0,Cash,4FG AGRO,HCC 10,5,2,0,76.2,0,38.1,0,101LEELA RESORT4FG AGRO,,,,NO,Not in Master,,,,,,
Sales,7422340,Kerala,TRIVANDRUM ZONE,ELANADU MILK NEYYATTINKARA,PALIYODE,101LEKHA STORE,MILK KL,CASH PAYMENT,26-06-2023,01-08-2025,NSPD9229/25,B2C,SATHEESH R,76.2,1.91,1.91,0,80,0,80,80,0,Cash,4FG AGRO,HCC 10,5,2,0,76.2,0,38.1,0,101LEKHA STORE4FG AGRO,,,,NO,Not in Master,,,,,,
Sales,7421264,Kerala,TRIVANDRUM ZONE,ELANADU MILK NEYYATTINKARA,KOVALAM,101MADEENA POOVAR,MILK KL,CASH PAYMENT,30-08-2024,01-08-2025,NSKV5705/25,B2C,AMALDASJ,84.3,2.11,2.11,0,89,0,89,89,0,,001 FG CURD,PC475,5,3,0,84.3,0,28.1,0,101MADEENA POOVAR001 FG CURD,,,,YES,Not in Master,,,,,,
Sales,7421204,Kerala,TRIVANDRUM ZONE,ELANADU MILK NEYYATTINKARA,KOVALAM,101MANIYAN,MILK KL,CASH PAYMENT,22-01-2024,01-08-2025,NSKV5680/25,B2C,AMALDASJ,129,0,0,0,129,0,129,129,0,,000FG MILK,CM 475,0,5,0,129,0,25.8,0,101MANIYAN000FG MILK,,,,YES,Not in Master,,,,,,
Sales,7421270,Kerala,TRIVANDRUM ZONE,ELANADU MILK NEYYATTINKARA,KOVALAM,101MANIYAN,MILK KL,CASH PAYMENT,22-01-2024,01-08-2025,NSKV5709/25,B2C,AMALDASJ,84.3,2.11,2.11,0,89,0,89,89,0,Cash,001 FG CURD,PC475,5,3,0,84.3,0,28.1,0,101MANIYAN001 FG CURD,,,,YES,Not in Master,,,,,,
Sales,7422322,Kerala,TRIVANDRUM ZONE,ELANADU MILK NEYYATTINKARA,PALIYODE,101MATHA STORE,MILK KL,CASH PAYMENT,21-06-2024,01-08-2025,NSPD9211/25,B2C,SATHEESH R,129,0,0,0,129,0,129,129,0,Cash,000FG MILK,CM 475,0,5,0,129,0,25.8,0,101MATHA STORE000FG MILK,,,,YES,Not in Master,,,,,,
Sales,7422320,Kerala,TRIVANDRUM ZONE,ELANADU MILK NEYYATTINKARA,PALIYODE,101MEENAKSHI STORE,MILK KL,CASH PAYMENT,06-10-2024,01-08-2025,NSPD9209/25,B2C,SATHEESH R,152.4,3.81,3.81,0,160,0,160,160,0,Cash,001 FG CURD,PC140,5,20,0,152.4,0,7.62,0,101MEENAKSHI STORE001 FG CURD,,,,YES,Not in Master,,,,,,
Sales,7429515,Kerala,TRIVANDRUM ZONE,ELANADU MILK NEYYATTINKARA,BALARAMAPURAM,101MORGAN CAFE,MILK KL,CASH PAYMENT,28-06-2023,01-08-2025,NSBM32972/25,B2C,MANU  M,281,7.03,7.03,0,295,0,295,295,0,Cash,001 FG CURD,PC475,5,10,0,281,0,28.1,0,101MORGAN CAFE001 FG CURD,,,,YES,Not in Master,,,,,,
Sales,7421265,Kerala,TRIVANDRUM ZONE,ELANADU MILK NEYYATTINKARA,KOVALAM,101PM STORE,MILK KL,CASH PAYMENT,06-10-2024,01-08-2025,NSKV5706/25,B2C,AMALDASJ,84.3,2.11,2.11,0,89,0,89,89,0,Cash,001 FG CURD,PC475,5,3,0,84.3,0,28.1,0,101PM STORE001 FG CURD,,,,YES,Not in Master,,,,,,
Sales,7421218,Kerala,TRIVANDRUM ZONE,ELANADU MILK NEYYATTINKARA,KOVALAM,101Ravi store,MILK KL,CASH PAYMENT,22-02-2024,01-08-2025,NSKV5686/25,B2C,AMALDASJ,103.2,0,0,0,103,0,103,103,0,,000FG MILK,CM 475,0,4,0,103.2,0,25.8,0,101Ravi store000FG MILK,,,,YES,Not in Master,,,,,,
Sales,7422849,Kerala,TRIVANDRUM ZONE,ELANADU MILK NEYYATTINKARA,KOVALAM,101Ravi store,MILK KL,CASH PAYMENT,22-02-2024,01-08-2025,NSKV5717/25,B2C,AMALDASJ,76.2,1.91,1.91,0,80,0,80,80,0,Cash,001 FG CURD,PC140,5,10,0,76.2,0,7.62,0,101Ravi store001 FG CURD,,,,YES,Not in Master,,,,,,
Sales,7428331,Kerala,TRIVANDRUM ZONE,ELANADU MILK NEYYATTINKARA,KATTAKADA,101REVATHY STORE,MILK KL,CASH PAYMENT,14-11-2023,01-08-2025,NSKD19518/25,B2C,BINEESH,188.6,4.72,4.72,0,198,0,198,198,0,Cash,001 FG CURD,PC140,5,10,0,76.2,0,7.62,0,101REVATHY STORE001 FG CURD,,,,YES,Not in Master,,,,,,
Sales,7428331,Kerala,TRIVANDRUM ZONE,ELANADU MILK NEYYATTINKARA,KATTAKADA,101REVATHY STORE,MILK KL,CASH PAYMENT,14-11-2023,01-08-2025,NSKD19518/25,B2C,BINEESH,188.6,4.72,4.72,0,198,0,198,198,0,Cash,001 FG CURD,PC475,5,4,0,112.4,0,28.1,0,101REVATHY STORE001 FG CURD,,,,YES,Not in Master,,,,,,
Sales,7427422,Kerala,TRIVANDRUM ZONE,ELANADU MILK NEYYATTINKARA,PARASSALA,101RN STORE,MILK KL,CASH PAYMENT,14-11-2023,01-08-2025,NSPS9533/25,B2C,BENZRAJ,278,0,0,0,278,0,278,278,0,Cash,000FG MILK,SM 900,0,5,0,278,0,55.6,0,101RN STORE000FG MILK,,,,YES,Not in Master,,,,,,
Sales,7421198,Kerala,TRIVANDRUM ZONE,ELANADU MILK NEYYATTINKARA,KOVALAM,101S A STORE ( ROSE HOUSE),MILK KL,CASH PAYMENT,22-01-2024,01-08-2025,NSKV5674/25,B2C,AMALDASJ,51.6,0,0,0,52,0,52,52,0,,000FG MILK,CM 475,0,2,0,51.6,0,25.8,0,101S A STORE ( ROSE HOUSE)000FG MILK,,,,YES,Not in Master,,,,,,
Sales,7429516,Kerala,TRIVANDRUM ZONE,ELANADU MILK NEYYATTINKARA,BALARAMAPURAM,101S V STORE,MILK KL,CASH PAYMENT,04-07-2023,01-08-2025,NSBM32973/25,B2C,MANU  M,281,7.03,7.03,0,295,0,295,295,0,Cash,001 FG CURD,PC475,5,10,0,281,0,28.1,0,101S V STORE001 FG CURD,,,,YES,Not in Master,,,,,,
Sales,7419290,Kerala,TRIVANDRUM ZONE,ELANADU MILK NEYYATTINKARA,KOVALAM,101SABITHA( LUZI KADAL ),MILK KL,CASH PAYMENT,22-01-2024,01-08-2025,NSKV5663/25,B2C,AMALDASJ,129,0,0,0,129,0,129,0,129,,000FG MILK,CM 475,0,5,0,129,0,25.8,0,101SABITHA( LUZI KADAL )000FG MILK,,,,YES,Not in Master,,,,,,
Sales,7428332,Kerala,TRIVANDRUM ZONE,ELANADU MILK NEYYATTINKARA,KATTAKADA,101SIVANKUTTY,MILK KL,CASH PAYMENT,24-10-2023,01-08-2025,NSKD19519/25,B2C,BINEESH,164.3,4.11,4.11,0,173,0,173,173,0,Cash,001 FG CURD,TC 400,5,5,0,164.3,0,32.86,0,101SIVANKUTTY001 FG CURD,,,,YES,Not in Master,,,,,,
Sales,7422323,Kerala,TRIVANDRUM ZONE,ELANADU MILK NEYYATTINKARA,PALIYODE,101SWATHY STORE,MILK KL,CASH PAYMENT,27-02-2024,01-08-2025,NSPD9212/25,B2C,SATHEESH R,154.8,0,0,0,155,0,155,155,0,Cash,000FG MILK,CM 475,0,6,0,154.8,0,25.8,0,101SWATHY STORE000FG MILK,,,,YES,Not in Master,,,,,,
Sales,7422413,Kerala,TRIVANDRUM ZONE,ELANADU MILK NEYYATTINKARA,PALIYODE,101SWATHY STORE,MILK KL,CASH PAYMENT,27-02-2024,01-08-2025,NSPD9277/25,B2C,SATHEESH R,154.8,0,0,0,155,0,155,155,0,Cash,000FG MILK,CM 475,0,6,0,154.8,0,25.8,0,101SWATHY STORE000FG MILK,,,,YES,Not in Master,,,,,,
Sales,7422321,Kerala,TRIVANDRUM ZONE,ELANADU MILK NEYYATTINKARA,PALIYODE,101THIRUVONAM STORE,MILK KL,CASH PAYMENT,03-10-2024,01-08-2025,NSPD9210/25,B2C,SATHEESH R,45.72,1.14,1.14,0,48,0,48,48,0,Cash,001 FG CURD,PC140,5,6,0,45.72,0,7.62,0,101THIRUVONAM STORE001 FG CURD,,,,YES,Not in Master,,,,,,
Sales,7422317,Kerala,TRIVANDRUM ZONE,ELANADU MILK NEYYATTINKARA,PALIYODE,101V R VEG AMARAVILA,MILK KL,CASH PAYMENT,06-12-2024,01-08-2025,NSPD9206/25,B2C,SATHEESH R,178.74,0,0,0,179,0,179,179,0,Cash,000FG MILK,BM 1000 ML,0,3,0,178.74,0,59.58,0,101V R VEG AMARAVILA000FG MILK,,,,YES,Not in Master,,,,,,
Sales,7422409,Kerala,TRIVANDRUM ZONE,ELANADU MILK NEYYATTINKARA,PALIYODE,101V R VEG AMARAVILA,MILK KL,CASH PAYMENT,06-12-2024,01-08-2025,NSPD9275/25,B2C,SATHEESH R,232.2,0,0,0,232,0,232,232,0,Cash,000FG MILK,CM 475,0,9,0,232.2,0,25.8,0,101V R VEG AMARAVILA000FG MILK,,,,YES,Not in Master,,,,,,
Sales,7422325,Kerala,TRIVANDRUM ZONE,ELANADU MILK NEYYATTINKARA,PALIYODE,101V S STORE ERUMBIL,MILK KL,CASH PAYMENT,20-02-2024,01-08-2025,NSPD9214/25,B2C,SATHEESH R,180.6,0,0,0,181,0,181,181,0,Cash,000FG MILK,CM 475,0,7,0,180.6,0,25.8,0,101V S STORE ERUMBIL000FG MILK,,,,YES,Not in Master,,,,,,
Sales,7422324,Kerala,TRIVANDRUM ZONE,ELANADU MILK NEYYATTINKARA,PALIYODE,101VICHU STORE,MILK KL,CASH PAYMENT,21-02-2024,01-08-2025,NSPD9213/25,B2C,SATHEESH R,154.8,0,0,0,155,0,155,155,0,Cash,000FG MILK,CM 475,0,6,0,154.8,0,25.8,0,101VICHU STORE000FG MILK,,,,YES,Not in Master,,,,,,
Sales,7419849,Kerala,TRIVANDRUM ZONE,ELANADU MILK NEYYATTINKARA,KARAKONAM,102 APPU STORE,MILK KL,CASH PAYMENT,12-05-2023,01-08-2025,NSKM24176/25,B2C,DHANOOP S S,129,0,0,0,129,0,129,129,0,Cash,000FG MILK,CM 475,0,5,0,129,0,25.8,0,102 APPU STORE000FG MILK,,,,YES,Not in Master,,,,,,
Sales,7419850,Kerala,TRIVANDRUM ZONE,ELANADU MILK NEYYATTINKARA,KARAKONAM,102 SINDHU  BAKERY,MILK KL,CASH PAYMENT,12-05-2023,01-08-2025,NSKM24177/25,B2C,DHANOOP S S,258,0,0,0,258,0,258,258,0,Cash,000FG MILK,CM 475,0,10,0,258,0,25.8,0,102 SINDHU  BAKERY000FG MILK,,,,YES,Not in Master,,,,,,
Sales,7429518,Kerala,TRIVANDRUM ZONE,ELANADU MILK NEYYATTINKARA,BALARAMAPURAM,102MAHADEVA STORE,MILK KL,CASH PAYMENT,14-07-2023,01-08-2025,NSBM32975/25,B2C,MANU  M,164.3,4.11,4.11,0,173,0,173,173,0,Cash,001 FG CURD,TC 400,5,5,0,164.3,0,32.86,0,102MAHADEVA STORE001 FG CURD,,,,YES,Not in Master,,,,,,
Sales,7429519,Kerala,TRIVANDRUM ZONE,ELANADU MILK NEYYATTINKARA,BALARAMAPURAM,103RITTU,MILK KL,CASH PAYMENT,14-07-2023,01-08-2025,NSBM32976/25,B2C,MANU  M,98.58,2.46,2.46,0,104,0,104,104,0,Cash,001 FG CURD,TC 400,5,3,0,98.58,0,32.86,0,103RITTU001 FG CURD,,,,YES,Not in Master,,,,,,
Sales,7429520,Kerala,TRIVANDRUM ZONE,ELANADU MILK NEYYATTINKARA,BALARAMAPURAM,104 MAAMAN STORE,MILK KL,CASH PAYMENT,14-07-2023,01-08-2025,NSBM32977/25,B2C,MANU  M,164.3,4.11,4.11,0,173,0,173,173,0,Cash,001 FG CURD,TC 400,5,5,0,164.3,0,32.86,0,104 MAAMAN STORE001 FG CURD,,,,YES,Not in Master,,,,,,
Sales,7419852,Kerala,TRIVANDRUM ZONE,ELANADU MILK NEYYATTINKARA,KARAKONAM,105 CHIKOOS STORE,MILK KL,CASH PAYMENT,19-06-2023,01-08-2025,NSKM24179/25,B2C,DHANOOP S S,129,0,0,0,129,0,129,129,0,Cash,000FG MILK,CM 475,0,5,0,129,0,25.8,0,105 CHIKOOS STORE000FG MILK,,,,YES,Not in Master,,,,,,
Sales,7419854,Kerala,TRIVANDRUM ZONE,ELANADU MILK NEYYATTINKARA,KARAKONAM,105 CHOTHI HOTEL,MILK KL,CASH PAYMENT,28-06-2023,01-08-2025,NSKM24181/25,B2C,DHANOOP S S,278,0,0,0,278,0,278,278,0,Cash,000FG MILK,SM 900,0,5,0,278,0,55.6,0,105 CHOTHI HOTEL000FG MILK,,,,YES,Not in Master,,,,,,
Sales,7419851,Kerala,TRIVANDRUM ZONE,ELANADU MILK NEYYATTINKARA,KARAKONAM,105 SINDHU PROVISION STORE,MILK KL,CASH PAYMENT,12-06-2023,01-08-2025,NSKM24178/25,B2C,DHANOOP S S,129,0,0,0,129,0,129,129,0,Cash,000FG MILK,CM 475,0,5,0,129,0,25.8,0,105 SINDHU PROVISION STORE000FG MILK,,,,YES,Not in Master,,,,,,
Sales,7429521,Kerala,TRIVANDRUM ZONE,ELANADU MILK NEYYATTINKARA,BALARAMAPURAM,107 BALAJI HOTEL,MILK KL,CASH PAYMENT,14-07-2023,01-08-2025,NSBM32978/25,B2C,MANU  M,164.3,4.11,4.11,0,173,0,173,173,0,Cash,001 FG CURD,TC 400,5,5,0,164.3,0,32.86,0,107 BALAJI HOTEL001 FG CURD,,,,YES,Not in Master,,,,,,
Sales,7429522,Kerala,TRIVANDRUM ZONE,ELANADU MILK NEYYATTINKARA,BALARAMAPURAM,110MARIA STORE,MILK KL,CASH PAYMENT,14-07-2023,01-08-2025,NSBM32979/25,B2C,MANU  M,328.6,8.22,8.22,0,345,0,345,345,0,Cash,001 FG CURD,TC 400,5,10,0,328.6,0,32.86,0,110MARIA STORE001 FG CURD,,,,YES,Not in Master,,,,,,
Sales,7419870,Kerala,TRIVANDRUM ZONE,ELANADU MILK NEYYATTINKARA,KARAKONAM,111 ABHIN STORE,NORMAL,CASH PAYMENT,28-01-2025,01-08-2025,NSKM24197/25,B2C,DHANOOP S S,140.5,3.51,3.51,0,148,0,148,148,0,Cash,001 FG CURD,PC475,5,5,0,140.5,0,28.1,0,111 ABHIN STORE001 FG CURD,,,,YES,Not in Master,,,,,,
Sales,7419869,Kerala,TRIVANDRUM ZONE,ELANADU MILK NEYYATTINKARA,KARAKONAM,111 MANOHARAN STORE,NORMAL,CASH PAYMENT,27-01-2025,01-08-2025,NSKM24196/25,B2C,DHANOOP S S,140.5,3.51,3.51,0,148,0,148,148,0,Cash,001 FG CURD,PC475,5,5,0,140.5,0,28.1,0,111 MANOHARAN STORE001 FG CURD,,,,YES,Not in Master,,,,,,
Sales,7419868,Kerala,TRIVANDRUM ZONE,ELANADU MILK NEYYATTINKARA,KARAKONAM,111 SL STORE,NORMAL,CASH PAYMENT,27-01-2025,01-08-2025,NSKM24195/25,B2C,DHANOOP S S,140.5,3.51,3.51,0,148,0,148,148,0,Cash,001 FG CURD,PC475,5,5,0,140.5,0,28.1,0,111 SL STORE001 FG CURD,,,,YES,Not in Master,,,,,,
Sales,7429523,Kerala,TRIVANDRUM ZONE,ELANADU MILK NEYYATTINKARA,BALARAMAPURAM,111AMMA TEA STALL,MILK KL,CASH PAYMENT,14-07-2023,01-08-2025,NSBM32980/25,B2C,MANU  M,228.6,5.72,5.72,0,240,0,240,240,0,Cash,4FG AGRO,HCC 10,5,6,0,228.6,0,38.1,0,111AMMA TEA STALL4FG AGRO,,,,NO,Not in Master,,,,,,
Sales,7427430,Kerala,TRIVANDRUM ZONE,ELANADU MILK NEYYATTINKARA,PARASSALA,111AS VEGETABLES,NORMAL,2 DAY CREDIT,21-07-2025,01-08-2025,NSPS9541/25,B2C,BENZRAJ,207.64,0,0,10.38,218,0,218,218,0,Cash,001 FG CURD,PC140,5,10,0,76.2,0,7.62,0,111AS VEGETABLES001 FG CURD,,,,YES,Not in Master,,,,,,
Sales,7427430,Kerala,TRIVANDRUM ZONE,ELANADU MILK NEYYATTINKARA,PARASSALA,111AS VEGETABLES,NORMAL,2 DAY CREDIT,21-07-2025,01-08-2025,NSPS9541/25,B2C,BENZRAJ,207.64,0,0,10.38,218,0,218,218,0,Cash,001 FG CURD,TC 400,5,4,0,131.44,0,32.86,0,111AS VEGETABLES001 FG CURD,,,,YES,Not in Master,,,,,,
Sales,7427391,Kerala,TRIVANDRUM ZONE,ELANADU MILK NEYYATTINKARA,PARASSALA,111ASWATHY TEA STALL,NORMAL,2 DAY CREDIT,21-07-2025,01-08-2025,NSPS9502/25,B2C,BENZRAJ,333.6,0,0,0,334,0,334,278,56,Cash,000FG MILK,SM 900,0,6,0,333.6,0,55.6,0,111ASWATHY TEA STALL000FG MILK,,,,YES,Not in Master,,,,,,
Sales,7428330,Kerala,TRIVANDRUM ZONE,ELANADU MILK NEYYATTINKARA,KATTAKADA,111MURUGAN STORE,MILK KL,CASH PAYMENT,29-11-2023,01-08-2025,NSKD19517/25,B2C,BINEESH,201.46,5.03,5.03,0,212,0,212,212,0,Cash,001 FG CURD,PC140,5,8,0,60.96,0,7.62,0,111MURUGAN STORE001 FG CURD,,,,YES,Not in Master,,,,,,
Sales,7428330,Kerala,TRIVANDRUM ZONE,ELANADU MILK NEYYATTINKARA,KATTAKADA,111MURUGAN STORE,MILK KL,CASH PAYMENT,29-11-2023,01-08-2025,NSKD19517/25,B2C,BINEESH,201.46,5.03,5.03,0,212,0,212,212,0,Cash,001 FG CURD,PC475,5,5,0,140.5,0,28.1,0,111MURUGAN STORE001 FG CURD,,,,YES,Not in Master,,,,,,
Sales,7421205,Kerala,TRIVANDRUM ZONE,ELANADU MILK NEYYATTINKARA,KOVALAM,115GULF CATERING,MILK KL,CASH PAYMENT,22-01-2024,01-08-2025,NSKV5681/25,B2C,AMALDASJ,129,0,0,0,129,0,129,129,0,,000FG MILK,CM 475,0,5,0,129,0,25.8,0,115GULF CATERING000FG MILK,,,,YES,Not in Master,,,,,,
Sales,7419904,Kerala,CALICUT ZONE,ELANADU MILK  WAYANADU,LEKKIDI-VYTHIRI,12 PALAM,MILK KL,CASH PAYMENT,07-10-2021,01-08-2025,WYSL16084/25,B2C,PAVANDASAM,28.1,0.7,0.7,0,30,0,30,30,0,Cash,001 FG CURD,PC475,5,1,0,28.1,0,28.1,0,12 PALAM001 FG CURD,,,,YES,Not in Master,,,,,,
Sales,7428253,Kerala,TRIVANDRUM ZONE,ELANADU MILK NEYYATTINKARA,NEYYATINKARA TOWN,123 JAI JAWAN TEA STALL,MILK KL,CASH PAYMENT,19-02-2023,01-08-2025,NSNT9318/25,B2C,BIJINGR,206.4,0,0,0,206,0,206,206,0,Cash,000FG MILK,CM 475,0,8,0,206.4,0,25.8,0,123 JAI JAWAN TEA STALL000FG MILK,,,,YES,Not in Master,,,,,,
Sales,7427137,Kerala,TRIVANDRUM ZONE,ELANADU MILK NEYYATTINKARA,NEYYATINKARA TOWN,123 KRISHNA STORE,MILK KL,CASH PAYMENT,19-02-2023,01-08-2025,NSNT9283/25,B2C,BIJINGR,197.16,4.93,4.93,0,207,0,207,0,207,,001 FG CURD,TC 400,5,6,0,197.16,0,32.86,0,123 KRISHNA STORE001 FG CURD,,,,YES,Not in Master,,,,,,
Sales,7428254,Kerala,TRIVANDRUM ZONE,ELANADU MILK NEYYATTINKARA,NEYYATINKARA TOWN,123 OMKAR S.MKT,MILK KL,CASH PAYMENT,19-02-2023,01-08-2025,NSNT9319/25,B2C,BIJINGR,258,0,0,0,258,0,258,258,0,Cash,000FG MILK,CM 475,0,10,0,258,0,25.8,0,123 OMKAR S.MKT000FG MILK,,,,YES,Not in Master,,,,,,
Sales,7428255,Kerala,TRIVANDRUM ZONE,ELANADU MILK NEYYATTINKARA,NEYYATINKARA TOWN,123 VR AGENCY,MILK KL,CASH PAYMENT,19-02-2023,01-08-2025,NSNT9320/25,B2C,BIJINGR,258,0,0,0,258,0,258,258,0,Cash,000FG MILK,CM 475,0,10,0,258,0,25.8,0,123 VR AGENCY000FG MILK,,,,YES,Not in Master,,,,,,
Sales,7421238,Kerala,TRIVANDRUM ZONE,ELANADU MILK NEYYATTINKARA,KOVALAM,123NISHI STORES KOVALAM,MILK KL,CASH PAYMENT,12-03-2024,01-08-2025,NSKV5692/25,B2C,AMALDASJ,166.8,0,0,0,167,0,167,167,0,,000FG MILK,SM 900,0,3,0,166.8,0,55.6,0,123NISHI STORES KOVALAM000FG MILK,,,,YES,Not in Master,,,,,,
Sales,7421276,Kerala,TRIVANDRUM ZONE,ELANADU MILK NEYYATTINKARA,KOVALAM,123NISHI STORES KOVALAM,MILK KL,CASH PAYMENT,12-03-2024,01-08-2025,NSKV5712/25,B2C,AMALDASJ,84.3,2.11,2.11,0,89,0,89,89,0,Cash,001 FG CURD,PC475,5,3,0,84.3,0,28.1,0,123NISHI STORES KOVALAM001 FG CURD,,,,YES,Not in Master,,,,,,
Sales,7466154,Kerala,CALICUT ZONE,ELANADU MILK  WAYANADU,KALPETTA,1980,RETAILER OR GROSSERY,CASH PAYMENT,26-02-2023,01-08-2025,WYSK21334/25,B2C,JANIF  C.P,206.4,0,0,0,206,0,206,206,0,,000FG MILK,CM 475,0,8,0,206.4,0,25.8,0,1980000FG MILK,,,,YES,Not in Master,,,,,,
Sales,7419365,Kerala,CALICUT ZONE,ELANADU MILK  WAYANADU,S BATHERY,1980S,MILK KL,CASH PAYMENT,11-04-2022,01-08-2025,WYSSB5052/25,B2C,VINAYAKAS,516,0,0,0,516,0,516,0,516,,000FG MILK,CM 475,0,20,0,516,0,25.8,0,1980S000FG MILK,,,,YES,Not in Master,,,,,,
Sales,7420929,Kerala,TRIVANDRUM ZONE,ELANADU MILK NEYYATTINKARA,KOVALAM,1AMEER ( NANNUS ),MILK KL,CASH PAYMENT,22-01-2024,01-08-2025,NSKV5669/25,B2C,AMALDASJ,129,0,0,0,129,0,129,129,0,,000FG MILK,CM 475,0,5,0,129,0,25.8,0,1AMEER ( NANNUS )000FG MILK,,,,YES,Not in Master,,,,,,
Sales,7420165,Tamil Nadu,TAMILNADU,ELANADU MILK POLLACHI,kinathukadavu,1SAKTHI STORE A,NORMAL,CASH PAYMENT,12-06-2025,01-08-2025,POLSK2717/25,B2C,MATHAN A,102,0,0,0,102,0,102,102,0,Cash,000FG MILK,FCM 120,0,12,1,102,8.5,8.5,0,1SAKTHI STORE A000FG MILK,,,,YES,Not in Master,,,,,,
Sales,7420771,Kerala,TRIVANDRUM ZONE,ELANADU MILK NEYYATTINKARA,KOVALAM,1SALIM BAKERY,MILK KL,CASH PAYMENT,22-01-2024,01-08-2025,NSKV5664/25,B2C,AMALDASJ,140.5,3.51,3.51,0,148,0,148,0,148,,001 FG CURD,PC475,5,5,0,140.5,0,28.1,0,1SALIM BAKERY001 FG CURD,,,,YES,Not in Master,,,,,,
Sales,7466105,Kerala,TRIVANDRUM ZONE,ELANADU MILK KOZHANCHERY,ANICADU,1ST KADA,MILK KL,CASH PAYMENT,31-07-2024,01-08-2025,KZSAU7720/25,B2C,ARAVINDANMBU,25.8,0,0,0,26,0,26,17,9,Cash,000FG MILK,CM 475,0,1,0,25.8,0,25.8,0,1ST KADA000FG MILK,,,,YES,Not in Master,,,,,,
Sales,7419872,Kerala,TRIVANDRUM ZONE,ELANADU MILK NEYYATTINKARA,KARAKONAM,2 KK COOLBAR,NORMAL,CASH PAYMENT,28-03-2025,01-08-2025,NSKM24199/25,B2C,DHANOOP S S,228.6,5.72,5.72,0,240,0,240,240,0,Cash,001 FG CURD,PC140,5,30,0,228.6,0,7.62,0,2 KK COOLBAR001 FG CURD,,,,YES,Not in Master,,,,,,
Sales,7419871,Kerala,TRIVANDRUM ZONE,ELANADU MILK NEYYATTINKARA,KARAKONAM,2 MAHAVISHNU HOTEL,NORMAL,CASH PAYMENT,28-03-2025,01-08-2025,NSKM24198/25,B2C,DHANOOP S S,168.6,4.22,4.22,0,177,0,177,177,0,Cash,001 FG CURD,PC475,5,6,0,168.6,0,28.1,0,2 MAHAVISHNU HOTEL001 FG CURD,,,,YES,Not in Master,,,,,,
Sales,7419873,Kerala,TRIVANDRUM ZONE,ELANADU MILK NEYYATTINKARA,KARAKONAM,2 NEW STORE,NORMAL,CASH PAYMENT,28-03-2025,01-08-2025,NSKM24200/25,B2C,DHANOOP S S,228.6,5.72,5.72,0,240,0,240,0,240,,001 FG CURD,PC140,5,30,0,228.6,0,7.62,0,2 NEW STORE001 FG CURD,,,,YES,Not in Master,,,,,,
Sales,7426284,Tamil Nadu,TAMILNADU,ELANADU MILK TRICHY,MATHUR,2 STATES RESTAURANT,MILK TN,CASH PAYMENT,12-07-2024,01-08-2025,TRMT16478/25,B2C,K . VINOTHKUMAR,304.7,7.62,7.62,0,320,0,320,320,0,Cash,001 FG CURD,TTIC 450,5,10,0,304.7,0,30.47,0,2 STATES RESTAURANT001 FG CURD,,,,YES,Not in Master,,,,,,
Sales,7422470,Tamil Nadu,TAMILNADU,ELANADU MILK DINDIGUL,RTC,2. COOLSHOP,MILK TN,CASH PAYMENT,03-12-2023,01-08-2025,DGLSR7118/25,B2C,KANNAN DGL,121.88,3.05,3.05,0,128,0,128,128,0,Cash,001 FG CURD,TTIC 450,5,4,0,121.88,0,30.47,0,2. COOLSHOP001 FG CURD,,,,YES,Not in Master,,,,,,
Sales,7421111,Kerala,CALICUT ZONE,ELANADU MILK  WAYANADU,MANANDHAVADI,20 20,MILK KL,BILL TO BILL,07-10-2021,01-08-2025,WYSM8247/25,B2C,IRSHADKK,645,0,0,0,645,0,645,0,645,,000FG MILK,CM 475,0,25,0,645,0,25.8,0,20 20000FG MILK,,,,YES,Not in Master,,,,,,
Sales,7466129,Kerala,CALICUT ZONE,ELANADU MILK  WAYANADU,KALPETTA,20 20 HOTEL,MILK KL,BILL TO BILL,07-10-2021,01-08-2025,WYSK21309/25,B2C,JANIF  C.P,51.6,0,0,0,52,0,52,52,0,,000FG MILK,CM 475,0,2,0,51.6,0,25.8,0,20 20 HOTEL000FG MILK,,,,YES,Not in Master,,,,,,
Sales,7428381,Tamil Nadu,TAMILNADU,ELANADU MILK TRICHY,VIRALIMALAI,20.20.MARKET,MILK TN,CASH PAYMENT,14-08-2024,01-08-2025,TRVR17089/25,B2C,K.ARUN KUMAR,105.17,2.63,2.63,0,110,0,110,110,0,Cash,001 FG CURD,TTIC 125,5,13,0,105.17,0,8.09,0,20.20.MARKET001 FG CURD,,,,YES,Not in Master,,,,,,
Sales,7420054,Kerala,MALAPPURAM ZONE,ELANADU MILK ELANADU(PKD),KUZHALMANNAM,20/20 BAKERY,MILK KL,BILL TO BILL,07-10-2021,01-08-2025,ESKZ27602/25,B2C,ROBINRAJU,211.9,3.05,3.05,0,218,0,218,218,0,Cash,000FG MILK,CM150,0,10,0,90,0,9,0,20/20 BAKERY000FG MILK,,,,YES,Not in Master,,,,,,
Sales,7420054,Kerala,MALAPPURAM ZONE,ELANADU MILK ELANADU(PKD),KUZHALMANNAM,20/20 BAKERY,MILK KL,BILL TO BILL,07-10-2021,01-08-2025,ESKZ27602/25,B2C,ROBINRAJU,211.9,3.05,3.05,0,218,0,218,218,0,Cash,001 FG CURD,PC400,5,5,0,121.9,0,24.38,0,20/20 BAKERY001 FG CURD,,,,YES,Not in Master,,,,,,
Sales,7419866,Kerala,TRIVANDRUM ZONE,ELANADU MILK NEYYATTINKARA,KARAKONAM,200 CHELLEYYA STORE,MILK KL,CASH PAYMENT,26-07-2024,01-08-2025,NSKM24193/25,B2C,DHANOOP S S,140.5,3.51,3.51,0,148,0,148,148,0,Cash,001 FG CURD,PC475,5,5,0,140.5,0,28.1,0,200 CHELLEYYA STORE001 FG CURD,,,,YES,Not in Master,,,,,,
Sales,7419861,Kerala,TRIVANDRUM ZONE,ELANADU MILK NEYYATTINKARA,KARAKONAM,200 LALITHA TEASHOP,MILK KL,2 DAY CREDIT,10-10-2023,01-08-2025,NSKM24188/25,B2C,DHANOOP S S,278,0,0,0,278,0,278,278,0,Cash,000FG MILK,SM 900,0,5,0,278,0,55.6,0,200 LALITHA TEASHOP000FG MILK,,,,YES,Not in Master,,,,,,
Sales,7419859,Kerala,TRIVANDRUM ZONE,ELANADU MILK NEYYATTINKARA,KARAKONAM,200 SREEKRISHNA RESTAURANT MANJAILAKOM,MILK KL,CASH PAYMENT,08-10-2023,01-08-2025,NSKM24186/25,B2C,DHANOOP S S,556,0,0,0,556,0,556,556,0,Cash,000FG MILK,SM 900,0,10,0,556,0,55.6,0,200 SREEKRISHNA RESTAURANT MANJAILAKOM000FG MILK,,,,YES,Not in Master,,,,,,
Sales,7419863,Kerala,TRIVANDRUM ZONE,ELANADU MILK NEYYATTINKARA,KARAKONAM,202 HOTEL ALONA,MILK KL,BILL TO BILL,26-11-2023,01-08-2025,NSKM24190/25,B2C,DHANOOP S S,278,0,0,0,278,0,278,278,0,Cash,000FG MILK,SM 900,0,5,0,278,0,55.6,0,202 HOTEL ALONA000FG MILK,,,,YES,Not in Master,,,,,,
Sales,7430817,Kerala,TRIVANDRUM ZONE,ELANADU MILK ADOOR,THENMALA,23 THATTUKADA,MILK KL,CASH PAYMENT,18-12-2021,01-08-2025,ADSTA10790/25,B2C,SUBEESHSURENDRAN,129,0,0,0,129,0,129,129,0,Cash,000FG MILK,CM 475,0,5,0,129,0,25.8,0,23 THATTUKADA000FG MILK,,,,YES,Not in Master,,,,,,
Sales,7428194,Kerala,TRIVANDRUM ZONE,ELANADU MILK  NEDUMANGADU,NEDUMANGADU TOWN,24,NORMAL,CASH PAYMENT,23-05-2025,01-08-2025,ENDNMTS3206/25,B2C,Kiran muthappan,309.6,0,0,0,310,0,310,310,0,,000FG MILK,CM 475,0,12,0,309.6,0,25.8,0,24000FG MILK,,,,YES,Not in Master,,,,,,
Sales,7421759,Kerala,CALICUT ZONE,ELANADU MILK  WAYANADU,vaduvanchal,24 CAFE.,NORMAL,CASH PAYMENT,26-04-2025,01-08-2025,WYSVD7281/25,B2C, NANTHAKUMAR  ,140.01,3.5,3.5,0,147,0,147,147,0,Cash,4FG AGRO,BATTER,5,3,0,140.01,0,46.67,0,24 CAFE.4FG AGRO,,,,NO,Not in Master,,,,,,
